shape,label_noise,n_samples,seed,dataset,data_dim,algorithm,depth,accuracy,coverage,density,f_score,gini_coverage_all_leaves,gini_density_all_leaves,splits,leaves,total_active_feature_count,avg_active_feature_count,alpha,lambda_reg,threshold_value
radial_segment_3d,0.003,10000,1,radial_segment_3d_fuzziness_003_10000_samples,3,hhcart_d,0,0.6934,0.0,,,0.0,0.0,0,1,0,0.0,0.0,,
radial_segment_3d,0.003,10000,1,radial_segment_3d_fuzziness_003_10000_samples,3,hhcart_d,1,0.6934,0.0,,,0.4804305283757339,0.4386679904559065,1,2,3,0.0,0.0,,
radial_segment_3d,0.003,10000,1,radial_segment_3d_fuzziness_003_10000_samples,3,hhcart_d,2,0.7564,0.7870189171559034,0.575071496663489,0.6645552189479482,0.6296477495107631,0.4868281582924754,3,4,3,3.0,0.0,,
radial_segment_3d,0.003,10000,1,radial_segment_3d_fuzziness_003_10000_samples,3,hhcart_d,3,0.7923,0.7681017612524462,0.6328943832303144,0.6939737733903051,0.7782126549249837,0.5768385640128921,7,8,3,3.0,0.0,,
radial_segment_3d,0.003,10000,1,radial_segment_3d_fuzziness_003_10000_samples,3,hhcart_d,4,0.8352,0.9008480104370516,0.6726741354115928,0.770217512548801,0.8502283105022832,0.6088323697092248,14,15,3,3.0,0.0,,
radial_segment_3d,0.003,10000,1,radial_segment_3d_fuzziness_003_10000_samples,3,hhcart_d,5,0.8491,0.9178082191780822,0.6912306558585114,0.7885666246321984,0.858983319355139,0.5619431293992203,27,28,3,3.0,0.0,,
radial_segment_3d,0.003,10000,1,radial_segment_3d_fuzziness_003_10000_samples,3,hhcart_d,6,0.8902,0.8796477495107632,0.787215411558669,0.8308687615526803,0.8911032123221108,0.5300064937547642,48,49,3,3.0,0.0,,
radial_segment_3d,0.003,10000,1,radial_segment_3d_fuzziness_003_10000_samples,3,hhcart_d,7,0.9086,0.8939986953685584,0.8231231231231231,0.857098186366479,0.9071234528144532,0.5755915069125015,78,79,3,3.0,0.0,,
radial_segment_3d,0.003,10000,1,radial_segment_3d_fuzziness_003_10000_samples,3,hhcart_d,8,0.9151,0.9223744292237442,0.8223320732771154,0.8694850115295927,0.9119318960460896,0.5479455809756113,118,119,3,3.0,0.0,,
radial_segment_3d,0.003,10000,1,radial_segment_3d_fuzziness_003_10000_samples,3,hhcart_d,9,0.9373,0.9253098499673842,0.8769706336939722,0.900491985399143,0.9145822214315362,0.5560427909327332,164,165,3,3.0,0.0,,
radial_segment_3d,0.003,10000,1,radial_segment_3d_fuzziness_003_10000_samples,3,hhcart_d,10,0.9477,0.9377038486627528,0.8964764577486748,0.9166268133269568,0.9165824724282832,0.5541353217385017,214,215,3,3.0,0.0,,
radial_segment_3d,0.003,10000,1,radial_segment_3d_fuzziness_003_10000_samples,3,hhcart_d,11,0.9553,0.9429223744292238,0.9140056907998736,0.9282388826456895,0.9151312158161476,0.5455326033807628,259,260,3,3.0,0.0,,
radial_segment_3d,0.003,10000,1,radial_segment_3d_fuzziness_003_10000_samples,3,hhcart_d,12,0.9608,0.961839530332681,0.9147022332506204,0.937678855325914,0.9110073870347845,0.539644139156761,295,296,3,3.0,0.0,,
radial_segment_3d,0.003,10000,1,radial_segment_3d_fuzziness_003_10000_samples,3,oc1,0,0.6934,0.0,,,0.0,0.0,0,1,0,0.0,,0.0,0.0
radial_segment_3d,0.003,10000,1,radial_segment_3d_fuzziness_003_10000_samples,3,oc1,1,0.6934,0.0,,,0.4739073711676451,0.4242272488846341,1,2,3,0.0,,0.0,0.0
radial_segment_3d,0.003,10000,1,radial_segment_3d_fuzziness_003_10000_samples,3,oc1,2,0.7554,0.9598825831702544,0.5588682111659704,0.7064330292846857,0.630571863448576,0.5898176655351233,2,3,3,3.0,,0.0,0.0
radial_segment_3d,0.003,10000,1,radial_segment_3d_fuzziness_003_10000_samples,3,oc1,3,0.7889,0.9354207436399216,0.5998745032419995,0.7309799923537657,0.6914546640574037,0.5785184866353188,3,4,3,3.0,,0.0,0.0
radial_segment_3d,0.003,10000,1,radial_segment_3d_fuzziness_003_10000_samples,3,oc1,4,0.8224,0.9129158512720156,0.6497214484679665,0.7591537835638731,0.7550554468362689,0.5644633546743596,5,6,3,3.0,,0.0,0.0
radial_segment_3d,0.003,10000,1,radial_segment_3d_fuzziness_003_10000_samples,3,oc1,5,0.8477,0.8979125896934116,0.6946757506939187,0.7833262199459382,0.7961150974849605,0.532670252163848,8,9,3,3.0,,0.0,0.0
radial_segment_3d,0.003,10000,1,radial_segment_3d_fuzziness_003_10000_samples,3,oc1,6,0.8448,0.9240052185257664,0.6823217726396917,0.7849819894707676,0.803792749976703,0.5724790104121324,13,14,3,3.0,,0.0,0.0
radial_segment_3d,0.003,10000,1,radial_segment_3d_fuzziness_003_10000_samples,3,oc1,7,0.8987,0.8486627527723418,0.8257695969533482,0.8370596750844458,0.841090218100343,0.574298391300555,22,23,3,3.0,,0.0,0.0
radial_segment_3d,0.003,10000,1,radial_segment_3d_fuzziness_003_10000_samples,3,oc1,8,0.9115,0.8864970645792564,0.8350230414746543,0.8599905078310394,0.8648747170100921,0.5740741815649335,33,34,3,3.0,,0.0,0.0
radial_segment_3d,0.003,10000,1,radial_segment_3d_fuzziness_003_10000_samples,3,oc1,9,0.9263,0.8829093281148076,0.8774716369529983,0.880182084213949,0.8644777850257304,0.5044385247531822,44,45,3,3.0,,0.0,0.0
radial_segment_3d,0.003,10000,1,radial_segment_3d_fuzziness_003_10000_samples,3,oc1,10,0.938,0.8917155903457273,0.9046988749172732,0.8981603153745072,0.9022151927012128,0.5418532589493068,72,73,3,3.0,,0.0,0.0
radial_segment_3d,0.003,10000,1,radial_segment_3d_fuzziness_003_10000_samples,3,oc1,11,0.9505,0.9037834311806916,0.9326825984516998,0.9180056319363924,0.923203540794118,0.5632277241523751,106,107,3,3.0,,0.0,0.0
radial_segment_3d,0.003,10000,1,radial_segment_3d_fuzziness_003_10000_samples,3,oc1,12,0.9554,0.9210697977821264,0.9326287978863936,0.9268132589432228,0.926607541880057,0.5426324574276871,140,141,3,3.0,,0.0,0.0
radial_segment_3d,0.003,10000,8,radial_segment_3d_fuzziness_003_10000_samples,3,oc1,0,0.6934,0.0,,,0.0,0.0,0,1,0,0.0,,0.0,0.0
radial_segment_3d,0.003,10000,8,radial_segment_3d_fuzziness_003_10000_samples,3,oc1,1,0.6934,0.0,,,0.4732550554468362,0.4236133691620867,1,2,3,0.0,,0.0,0.0
radial_segment_3d,0.003,10000,8,radial_segment_3d_fuzziness_003_10000_samples,3,oc1,2,0.7772,0.9178082191780822,0.587473903966597,0.7163951120162932,0.5940421830832789,0.5413760579895384,2,3,3,3.0,,0.0,0.0
radial_segment_3d,0.003,10000,8,radial_segment_3d_fuzziness_003_10000_samples,3,oc1,3,0.8112,0.8998695368558383,0.6357142857142857,0.7450715635970834,0.708936725375082,0.5207471915324351,4,5,3,3.0,,0.0,0.0
radial_segment_3d,0.003,10000,8,radial_segment_3d_fuzziness_003_10000_samples,3,oc1,4,0.8372,0.8979125896934116,0.6767453294001966,0.7717970283151108,0.7761741682974559,0.4906365018051373,7,8,3,3.0,,0.0,0.0
radial_segment_3d,0.003,10000,8,radial_segment_3d_fuzziness_003_10000_samples,3,oc1,5,0.8678,0.7896281800391389,0.7814719173660426,0.7855288773523684,0.7463997190024587,0.4858441540212825,12,13,3,3.0,,0.0,0.0
radial_segment_3d,0.003,10000,8,radial_segment_3d_fuzziness_003_10000_samples,3,oc1,6,0.8572,0.8979125896934116,0.7117373319544984,0.7940582636284972,0.8470616141849019,0.5033697627987039,21,22,3,3.0,,0.0,0.0
radial_segment_3d,0.003,10000,8,radial_segment_3d_fuzziness_003_10000_samples,3,oc1,7,0.9097,0.8750815394651011,0.8376522010615048,0.8559578880204181,0.8857074192330137,0.5326636878056843,37,38,3,3.0,,0.0,0.0
radial_segment_3d,0.003,10000,8,radial_segment_3d_fuzziness_003_10000_samples,3,oc1,8,0.9182,0.8969341161121983,0.8456334563345633,0.870528648306426,0.8777149621898479,0.5246526133118947,53,54,3,3.0,,0.0,0.0
radial_segment_3d,0.003,10000,8,radial_segment_3d_fuzziness_003_10000_samples,3,oc1,9,0.9373,0.8731245923026745,0.9183533447684392,0.8951680321016552,0.9087767527102166,0.5682530813175415,83,84,3,3.0,,0.0,0.0
radial_segment_3d,0.003,10000,8,radial_segment_3d_fuzziness_003_10000_samples,3,oc1,10,0.949,0.8966079582517938,0.934398368456832,0.9151131824234356,0.9086636062695466,0.5369004708984186,106,107,3,3.0,,0.0,0.0
radial_segment_3d,0.003,10000,8,radial_segment_3d_fuzziness_003_10000_samples,3,oc1,11,0.9553,0.913894324853229,0.9386934673366836,0.9261279127416956,0.922500507052136,0.5563052948851761,118,119,3,3.0,,0.0,0.0
radial_segment_3d,0.003,10000,8,radial_segment_3d_fuzziness_003_10000_samples,3,oc1,12,0.9598,0.9145466405740378,0.9524456521739132,0.9331114808652246,0.9272821199823128,0.5400496953134497,148,149,3,3.0,,0.0,0.0
radial_segment_3d,0.003,10000,11,radial_segment_3d_fuzziness_003_10000_samples,3,oc1,0,0.6934,0.0,,,0.0,0.0,0,1,0,0.0,,0.0,0.0
radial_segment_3d,0.003,10000,11,radial_segment_3d_fuzziness_003_10000_samples,3,oc1,1,0.6934,0.0,,,0.4797782126549248,0.4393409664730234,1,2,3,0.0,,0.0,0.0
radial_segment_3d,0.003,10000,11,radial_segment_3d_fuzziness_003_10000_samples,3,oc1,2,0.7715,0.9321591650358774,0.579128672745694,0.714410698662667,0.6079582517938682,0.5591486476823311,2,3,3,3.0,,0.0,0.0
radial_segment_3d,0.003,10000,11,radial_segment_3d_fuzziness_003_10000_samples,3,oc1,3,0.8117,0.9275929549902152,0.6312985571587125,0.7512878087438911,0.7399869536855836,0.5722402860130644,4,5,3,3.0,,0.0,0.0
radial_segment_3d,0.003,10000,11,radial_segment_3d_fuzziness_003_10000_samples,3,oc1,4,0.8117,0.9275929549902152,0.6312985571587125,0.7512878087438911,0.6914546640574037,0.5501853303138087,6,7,3,3.0,,0.0,0.0
radial_segment_3d,0.003,10000,11,radial_segment_3d_fuzziness_003_10000_samples,3,oc1,5,0.8698,0.9083496412263536,0.7317393589069889,0.8105355064027939,0.7707406748502639,0.5440023316766631,10,11,3,3.0,,0.0,0.0
radial_segment_3d,0.003,10000,11,radial_segment_3d_fuzziness_003_10000_samples,3,oc1,6,0.8883,0.8926940639269406,0.7764539007092198,0.8305264754968897,0.8243096325288108,0.5467873032446966,17,18,3,3.0,,0.0,0.0
radial_segment_3d,0.003,10000,11,radial_segment_3d_fuzziness_003_10000_samples,3,oc1,7,0.8911,0.9230267449445532,0.7683953298941081,0.8386427618906505,0.8542195163199728,0.5901744457797711,26,27,3,3.0,,0.0,0.0
radial_segment_3d,0.003,10000,11,radial_segment_3d_fuzziness_003_10000_samples,3,oc1,8,0.911,0.9031311154598826,0.8236168947055325,0.8615432482887369,0.8876153201006434,0.5468275158680982,48,49,3,3.0,,0.0,0.0
radial_segment_3d,0.003,10000,11,radial_segment_3d_fuzziness_003_10000_samples,3,oc1,9,0.9379,0.8812785388127854,0.9131463332206826,0.8969294605809129,0.8997297549156649,0.5450029801318705,69,70,3,3.0,,0.0,0.0
radial_segment_3d,0.003,10000,11,radial_segment_3d_fuzziness_003_10000_samples,3,oc1,10,0.9513,0.8992172211350293,0.9393526405451448,0.9188468588568572,0.9243069907517484,0.5725340037718507,106,107,3,3.0,,0.0,0.0
radial_segment_3d,0.003,10000,11,radial_segment_3d_fuzziness_003_10000_samples,3,oc1,11,0.9572,0.9194390084801044,0.9396666666666668,0.9294427959116388,0.9309578169167207,0.5570227318270315,119,120,3,3.0,,0.0,0.0
radial_segment_3d,0.003,10000,11,radial_segment_3d_fuzziness_003_10000_samples,3,oc1,12,0.9621,0.9253098499673842,0.949782390358219,0.937386419957046,0.9327379803937784,0.5437962103366283,141,142,3,3.0,,0.0,0.0
radial_segment_3d,0.003,1000,1,radial_segment_3d_fuzziness_003_1000_samples,3,hhcart_d,0,0.701,0.0,,,0.0,0.0,0,1,0,0.0,0.0,,
radial_segment_3d,0.003,1000,1,radial_segment_3d_fuzziness_003_1000_samples,3,hhcart_d,1,0.701,0.0,,,0.4899665551839465,0.4639040499013898,1,2,3,0.0,0.0,,
radial_segment_3d,0.003,1000,1,radial_segment_3d_fuzziness_003_1000_samples,3,hhcart_d,2,0.764,0.802675585284281,0.5755395683453237,0.670391061452514,0.6463210702341138,0.5308020035935461,3,4,3,3.0,0.0,,
radial_segment_3d,0.003,1000,1,radial_segment_3d_fuzziness_003_1000_samples,3,hhcart_d,3,0.803,0.7792642140468228,0.6401098901098901,0.702865761689291,0.7587195413282373,0.5293629215500388,6,7,3,3.0,0.0,,
radial_segment_3d,0.003,1000,1,radial_segment_3d_fuzziness_003_1000_samples,3,hhcart_d,4,0.837,0.9331103678929766,0.6611374407582938,0.7739251040221914,0.847547380156076,0.6119123431543614,11,12,3,3.0,0.0,,
radial_segment_3d,0.003,1000,1,radial_segment_3d_fuzziness_003_1000_samples,3,hhcart_d,5,0.867,0.7591973244147158,0.7881944444444444,0.7734241908006816,0.8543478260869566,0.6036126639031274,19,20,3,3.0,0.0,,
radial_segment_3d,0.003,1000,1,radial_segment_3d_fuzziness_003_1000_samples,3,hhcart_d,6,0.905,0.8394648829431438,0.8422818791946308,0.8408710217755443,0.8806366047745358,0.645886422905283,28,29,3,3.0,0.0,,
radial_segment_3d,0.003,1000,1,radial_segment_3d_fuzziness_003_1000_samples,3,hhcart_d,7,0.922,0.9565217391304348,0.8148148148148148,0.8800000000000001,0.8749163879598665,0.6271254654736185,34,35,3,3.0,0.0,,
radial_segment_3d,0.003,1000,1,radial_segment_3d_fuzziness_003_1000_samples,3,hhcart_d,8,0.941,0.9364548494983278,0.875,0.9046849757673668,0.8814748348152377,0.6333767589806101,40,41,3,3.0,0.0,,
radial_segment_3d,0.003,1000,1,radial_segment_3d_fuzziness_003_1000_samples,3,hhcart_d,9,0.951,0.9464882943143812,0.8955696202531646,0.9203252032520326,0.8852638045184629,0.6179932879122572,48,49,3,3.0,0.0,,
radial_segment_3d,0.003,1000,1,radial_segment_3d_fuzziness_003_1000_samples,3,hhcart_d,10,0.957,0.9498327759197324,0.9102564102564102,0.9296235679214402,0.8683884553449768,0.6008006842472202,53,54,3,3.0,0.0,,
radial_segment_3d,0.003,1000,1,radial_segment_3d_fuzziness_003_1000_samples,3,hhcart_d,11,0.957,0.9498327759197324,0.9102564102564102,0.9296235679214402,0.8377329192546585,0.5861032107705879,55,56,3,3.0,0.0,,
radial_segment_3d,0.003,1000,1,radial_segment_3d_fuzziness_003_1000_samples,3,hhcart_d,12,0.966,0.9364548494983278,0.9491525423728814,0.9427609427609428,0.824329686525707,0.5743992286446307,58,59,3,3.0,0.0,,
radial_segment_3d,0.003,1000,1,radial_segment_3d_fuzziness_003_1000_samples,3,oc1,0,0.701,0.0,,,0.0,0.0,0,1,0,0.0,,0.0,0.0
radial_segment_3d,0.003,1000,1,radial_segment_3d_fuzziness_003_1000_samples,3,oc1,1,0.701,0.0,,,0.4331103678929766,0.3590179873602332,1,2,3,0.0,,0.0,0.0
radial_segment_3d,0.003,1000,1,radial_segment_3d_fuzziness_003_1000_samples,3,oc1,2,0.82,0.7892976588628763,0.6685552407932012,0.7239263803680982,0.5961538461538463,0.4506056673705076,3,4,3,3.0,,0.0,0.0
radial_segment_3d,0.003,1000,1,radial_segment_3d_fuzziness_003_1000_samples,3,oc1,3,0.84,0.842809364548495,0.6904109589041096,0.7590361445783133,0.74247491638796,0.560817081653918,6,7,3,3.0,,0.0,0.0
radial_segment_3d,0.003,1000,1,radial_segment_3d_fuzziness_003_1000_samples,3,oc1,4,0.86,0.882943143812709,0.7154471544715447,0.7904191616766467,0.6886287625418059,0.5525413167571989,9,10,3,3.0,,0.0,0.0
radial_segment_3d,0.003,1000,1,radial_segment_3d_fuzziness_003_1000_samples,3,oc1,5,0.89,0.8461538461538461,0.7981072555205048,0.8214285714285714,0.7498805542283802,0.5770405138853254,13,14,3,3.0,,0.0,0.0
radial_segment_3d,0.003,1000,1,radial_segment_3d_fuzziness_003_1000_samples,3,oc1,6,0.917,0.9264214046822744,0.8195266272189349,0.8697017268445841,0.8291129160694379,0.5986930552767351,20,21,3,3.0,,0.0,0.0
radial_segment_3d,0.003,1000,1,radial_segment_3d_fuzziness_003_1000_samples,3,oc1,7,0.936,0.8561872909698997,0.924187725631769,0.8888888888888888,0.824487421840919,0.6331590654831569,22,23,3,3.0,,0.0,0.0
radial_segment_3d,0.003,1000,1,radial_segment_3d_fuzziness_003_1000_samples,3,oc1,8,0.967,0.919732441471572,0.9683098591549296,0.9433962264150944,0.8484194627252128,0.6326415463566721,30,31,3,3.0,,0.0,0.0
radial_segment_3d,0.003,1000,1,radial_segment_3d_fuzziness_003_1000_samples,3,oc1,9,0.973,0.94314381270903,0.9657534246575342,0.9543147208121828,0.8755681330932168,0.6151337218729089,38,39,3,3.0,,0.0,0.0
radial_segment_3d,0.003,1000,1,radial_segment_3d_fuzziness_003_1000_samples,3,oc1,10,0.967,0.919732441471572,0.9683098591549296,0.9433962264150944,0.855173811695551,0.6002757318824872,32,33,3,3.0,,0.0,0.0
radial_segment_3d,0.003,1000,1,radial_segment_3d_fuzziness_003_1000_samples,3,oc1,11,0.968,0.9230769230769232,0.968421052631579,0.9452054794520548,0.8535522448565926,0.5634642477141565,32,33,3,3.0,,0.0,0.0
radial_segment_3d,0.003,1000,1,radial_segment_3d_fuzziness_003_1000_samples,3,oc1,12,0.97,0.9297658862876256,0.9686411149825784,0.9488054607508534,0.8594304246478162,0.5743698368143575,32,33,3,3.0,,0.0,0.0
radial_segment_3d,0.003,1000,8,radial_segment_3d_fuzziness_003_1000_samples,3,oc1,0,0.701,0.0,,,0.0,0.0,0,1,0,0.0,,0.0,0.0
radial_segment_3d,0.003,1000,8,radial_segment_3d_fuzziness_003_1000_samples,3,oc1,1,0.701,0.0,,,0.4464882943143813,0.3819714792390267,1,2,3,0.0,,0.0,0.0
radial_segment_3d,0.003,1000,8,radial_segment_3d_fuzziness_003_1000_samples,3,oc1,2,0.791,0.9063545150501672,0.5995575221238938,0.7217043941411452,0.6730769230769229,0.5725200211479222,3,4,3,3.0,,0.0,0.0
radial_segment_3d,0.003,1000,8,radial_segment_3d_fuzziness_003_1000_samples,3,oc1,3,0.839,0.8996655518394648,0.6725,0.7696709585121603,0.7419175027870679,0.5501193441603767,5,6,3,3.0,,0.0,0.0
radial_segment_3d,0.003,1000,8,radial_segment_3d_fuzziness_003_1000_samples,3,oc1,4,0.86,0.8929765886287625,0.712,0.7922848664688428,0.8324414715719062,0.603879769146096,9,10,3,3.0,,0.0,0.0
radial_segment_3d,0.003,1000,8,radial_segment_3d_fuzziness_003_1000_samples,3,oc1,5,0.881,0.919732441471572,0.7432432432432432,0.8221225710014948,0.8762541806020068,0.5912813757205466,14,15,3,3.0,,0.0,0.0
radial_segment_3d,0.003,1000,8,radial_segment_3d_fuzziness_003_1000_samples,3,oc1,6,0.884,0.94314381270903,0.7401574803149606,0.8294117647058823,0.8388746803069054,0.6343658021313405,16,17,3,3.0,,0.0,0.0
radial_segment_3d,0.003,1000,8,radial_segment_3d_fuzziness_003_1000_samples,3,oc1,7,0.936,0.9230769230769232,0.8706624605678234,0.8961038961038961,0.8479933110367892,0.6497546771115068,19,20,3,3.0,,0.0,0.0
radial_segment_3d,0.003,1000,8,radial_segment_3d_fuzziness_003_1000_samples,3,oc1,8,0.947,0.9297658862876256,0.896774193548387,0.9129720853858784,0.8725083612040134,0.6330027442501165,24,25,3,3.0,,0.0,0.0
radial_segment_3d,0.003,1000,8,radial_segment_3d_fuzziness_003_1000_samples,3,oc1,9,0.954,0.9364548494983278,0.9120521172638436,0.924092409240924,0.8803790412486063,0.5993625082848266,29,30,3,3.0,,0.0,0.0
radial_segment_3d,0.003,1000,8,radial_segment_3d_fuzziness_003_1000_samples,3,oc1,10,0.958,0.9163879598662208,0.9415807560137456,0.9288135593220338,0.8683389074693422,0.6050920224939964,29,30,3,3.0,,0.0,0.0
radial_segment_3d,0.003,1000,8,radial_segment_3d_fuzziness_003_1000_samples,3,oc1,11,0.965,0.9297658862876256,0.952054794520548,0.9407783417935702,0.8813754180602007,0.6308906349413377,31,32,3,3.0,,0.0,0.0
radial_segment_3d,0.003,1000,8,radial_segment_3d_fuzziness_003_1000_samples,3,oc1,12,0.973,0.9364548494983278,0.9722222222222222,0.9540034071550256,0.886373381356659,0.6039791039783993,38,39,3,3.0,,0.0,0.0
radial_segment_3d,0.003,1000,11,radial_segment_3d_fuzziness_003_1000_samples,3,oc1,0,0.701,0.0,,,0.0,0.0,0,1,0,0.0,,0.0,0.0
radial_segment_3d,0.003,1000,11,radial_segment_3d_fuzziness_003_1000_samples,3,oc1,1,0.701,0.0,,,0.4331103678929766,0.3623990427759496,1,2,3,0.0,,0.0,0.0
radial_segment_3d,0.003,1000,11,radial_segment_3d_fuzziness_003_1000_samples,3,oc1,2,0.82,0.7959866220735786,0.6666666666666666,0.725609756097561,0.6112040133779264,0.517349576341037,3,4,3,3.0,,0.0,0.0
radial_segment_3d,0.003,1000,11,radial_segment_3d_fuzziness_003_1000_samples,3,oc1,3,0.855,0.8695652173913043,0.7103825136612022,0.7819548872180451,0.7109412326803632,0.5299726319785081,6,7,3,3.0,,0.0,0.0
radial_segment_3d,0.003,1000,11,radial_segment_3d_fuzziness_003_1000_samples,3,oc1,4,0.858,0.8896321070234113,0.7093333333333334,0.7893175074183977,0.7461234417756157,0.5693338446815612,10,11,3,3.0,,0.0,0.0
radial_segment_3d,0.003,1000,11,radial_segment_3d_fuzziness_003_1000_samples,3,oc1,5,0.904,0.8060200668896321,0.8637992831541219,0.8339100346020762,0.7451923076923077,0.5938504900160817,15,16,3,3.0,,0.0,0.0
radial_segment_3d,0.003,1000,11,radial_segment_3d_fuzziness_003_1000_samples,3,oc1,6,0.927,0.8862876254180602,0.8717105263157895,0.87893864013267,0.7505016722408027,0.6034442375937581,24,25,3,3.0,,0.0,0.0
radial_segment_3d,0.003,1000,11,radial_segment_3d_fuzziness_003_1000_samples,3,oc1,7,0.936,0.8695652173913043,0.912280701754386,0.8904109589041095,0.8573449961409827,0.6635279229459539,25,26,3,3.0,,0.0,0.0
radial_segment_3d,0.003,1000,11,radial_segment_3d_fuzziness_003_1000_samples,3,oc1,8,0.964,0.9464882943143812,0.933993399339934,0.9401993355481728,0.8730000903913946,0.5899329357218892,36,37,3,3.0,,0.0,0.0
radial_segment_3d,0.003,1000,11,radial_segment_3d_fuzziness_003_1000_samples,3,oc1,9,0.973,0.9531772575250836,0.9563758389261744,0.9547738693467336,0.8674749163879605,0.5657725548254571,39,40,3,3.0,,0.0,0.0
radial_segment_3d,0.003,1000,11,radial_segment_3d_fuzziness_003_1000_samples,3,oc1,10,0.975,0.9665551839464884,0.950657894736842,0.9585406301824212,0.8491001751871317,0.5485894480085858,41,42,3,3.0,,0.0,0.0
radial_segment_3d,0.003,1000,11,radial_segment_3d_fuzziness_003_1000_samples,3,oc1,11,0.978,0.959866220735786,0.9663299663299664,0.9630872483221478,0.8588774174785514,0.5503400930361764,45,46,3,3.0,,0.0,0.0
radial_segment_3d,0.003,1000,11,radial_segment_3d_fuzziness_003_1000_samples,3,oc1,12,0.982,0.9498327759197324,0.989547038327526,0.969283276450512,0.8539334011923803,0.5458668039293613,45,46,3,3.0,,0.0,0.0
radial_segment_3d,0.003,2000,1,radial_segment_3d_fuzziness_003_2000_samples,3,hhcart_d,0,0.701,0.0,,,0.0,0.0,0,1,0,0.0,0.0,,
radial_segment_3d,0.003,2000,1,radial_segment_3d_fuzziness_003_2000_samples,3,hhcart_d,1,0.701,0.0,,,0.4531772575250836,0.3773383850343359,1,2,3,0.0,0.0,,
radial_segment_3d,0.003,2000,1,radial_segment_3d_fuzziness_003_2000_samples,3,hhcart_d,2,0.79,0.8678929765886287,0.6034883720930233,0.7119341563786008,0.6563545150501673,0.5356406565723022,3,4,3,3.0,0.0,,
radial_segment_3d,0.003,2000,1,radial_segment_3d_fuzziness_003_2000_samples,3,hhcart_d,3,0.8345,0.8645484949832776,0.6740547588005215,0.7575091575091575,0.7742474916387962,0.4978784790648527,7,8,3,3.0,0.0,,
radial_segment_3d,0.003,2000,1,radial_segment_3d_fuzziness_003_2000_samples,3,hhcart_d,4,0.8585,0.9214046822742477,0.7001270648030495,0.7956678700361012,0.8532887402452618,0.5792720395833919,14,15,3,3.0,0.0,,
radial_segment_3d,0.003,2000,1,radial_segment_3d_fuzziness_003_2000_samples,3,hhcart_d,5,0.8765,0.9230769230769232,0.7330677290836654,0.8171724648408587,0.9024128045867176,0.5938653886274217,27,28,3,3.0,0.0,,
radial_segment_3d,0.003,2000,1,radial_segment_3d_fuzziness_003_2000_samples,3,hhcart_d,6,0.8875,0.9531772575250836,0.7431551499348109,0.8351648351648351,0.8928969581143495,0.5523544767243653,41,42,3,3.0,0.0,,
radial_segment_3d,0.003,2000,1,radial_segment_3d_fuzziness_003_2000_samples,3,hhcart_d,7,0.9275,0.9247491638795988,0.8468606431852986,0.8840927258193445,0.8977544194935498,0.5600728115004387,55,56,3,3.0,0.0,,
radial_segment_3d,0.003,2000,1,radial_segment_3d_fuzziness_003_2000_samples,3,hhcart_d,8,0.9405,0.9531772575250836,0.8623298033282905,0.9054805401111994,0.9049652688448676,0.5768376448883397,64,65,3,3.0,0.0,,
radial_segment_3d,0.003,2000,1,radial_segment_3d_fuzziness_003_2000_samples,3,hhcart_d,9,0.9485,0.9364548494983278,0.896,0.9157808667211774,0.8966037024824531,0.5626270091111281,70,71,3,3.0,0.0,,
radial_segment_3d,0.003,2000,1,radial_segment_3d_fuzziness_003_2000_samples,3,hhcart_d,10,0.959,0.9448160535117056,0.9201954397394136,0.9323432343234324,0.8871563219389305,0.5626696703567784,76,77,3,3.0,0.0,,
radial_segment_3d,0.003,2000,1,radial_segment_3d_fuzziness_003_2000_samples,3,hhcart_d,11,0.9645,0.9548494983277592,0.9284552845528456,0.9414674361088212,0.8843596301396812,0.5593568521313872,84,85,3,3.0,0.0,,
radial_segment_3d,0.003,2000,1,radial_segment_3d_fuzziness_003_2000_samples,3,hhcart_d,12,0.9685,0.959866220735786,0.936378466557912,0.9479768786127168,0.8769448887596336,0.5560549785219495,91,92,3,3.0,0.0,,
radial_segment_3d,0.003,2000,1,radial_segment_3d_fuzziness_003_2000_samples,3,oc1,0,0.701,0.0,,,0.0,0.0,0,1,0,0.0,,0.0,0.0
radial_segment_3d,0.003,2000,1,radial_segment_3d_fuzziness_003_2000_samples,3,oc1,1,0.701,0.0,,,0.4498327759197325,0.3840059434074812,1,2,3,0.0,,0.0,0.0
radial_segment_3d,0.003,2000,1,radial_segment_3d_fuzziness_003_2000_samples,3,oc1,2,0.7905,0.9046822742474916,0.5991140642303433,0.720852764823451,0.6655518394648829,0.5132070740507404,3,4,3,3.0,,0.0,0.0
radial_segment_3d,0.003,2000,1,radial_segment_3d_fuzziness_003_2000_samples,3,oc1,3,0.823,0.8762541806020067,0.6517412935323383,0.7475035663338089,0.7611084567606308,0.5315542241901456,6,7,3,3.0,,0.0,0.0
radial_segment_3d,0.003,2000,1,radial_segment_3d_fuzziness_003_2000_samples,3,oc1,4,0.8495,0.9247491638795988,0.6835599505562423,0.7860696517412935,0.83240431066518,0.6415200093204809,8,9,3,3.0,,0.0,0.0
radial_segment_3d,0.003,2000,1,radial_segment_3d_fuzziness_003_2000_samples,3,oc1,5,0.8775,0.9264214046822744,0.7337748344370861,0.8189209164818921,0.8794019279952783,0.658160121581725,16,17,3,3.0,,0.0,0.0
radial_segment_3d,0.003,2000,1,radial_segment_3d_fuzziness_003_2000_samples,3,oc1,6,0.8975,0.9180602006688964,0.7787234042553192,0.8426707597851113,0.8985507246376812,0.6387819090832552,23,24,3,3.0,,0.0,0.0
radial_segment_3d,0.003,2000,1,radial_segment_3d_fuzziness_003_2000_samples,3,oc1,7,0.9215,0.9163879598662208,0.8366412213740458,0.8747007182761373,0.8748516560578272,0.5551512784484756,30,31,3,3.0,,0.0,0.0
radial_segment_3d,0.003,2000,1,radial_segment_3d_fuzziness_003_2000_samples,3,oc1,8,0.938,0.9230769230769232,0.8761904761904762,0.8990228013029316,0.880409445626837,0.637572834120701,32,33,3,3.0,,0.0,0.0
radial_segment_3d,0.003,2000,1,radial_segment_3d_fuzziness_003_2000_samples,3,oc1,9,0.948,0.9230769230769232,0.9049180327868852,0.913907284768212,0.8917444111952122,0.6103364896578534,37,38,3,3.0,,0.0,0.0
radial_segment_3d,0.003,2000,1,radial_segment_3d_fuzziness_003_2000_samples,3,oc1,10,0.9535,0.92809364548495,0.9173553719008264,0.922693266832918,0.8871600988803257,0.5858293561495045,45,46,3,3.0,,0.0,0.0
radial_segment_3d,0.003,2000,1,radial_segment_3d_fuzziness_003_2000_samples,3,oc1,11,0.9585,0.9180602006688964,0.9416809605488852,0.9297205757832344,0.8710595602362483,0.5625827567018535,46,47,3,3.0,,0.0,0.0
radial_segment_3d,0.003,2000,1,radial_segment_3d_fuzziness_003_2000_samples,3,oc1,12,0.9685,0.9264214046822744,0.9668411867364748,0.9461998292058068,0.8760683760683758,0.537963961700449,53,54,3,3.0,,0.0,0.0
radial_segment_3d,0.003,2000,8,radial_segment_3d_fuzziness_003_2000_samples,3,oc1,0,0.701,0.0,,,0.0,0.0,0,1,0,0.0,,0.0,0.0
radial_segment_3d,0.003,2000,8,radial_segment_3d_fuzziness_003_2000_samples,3,oc1,1,0.701,0.0,,,0.4498327759197325,0.3872024395565798,1,2,3,0.0,,0.0,0.0
radial_segment_3d,0.003,2000,8,radial_segment_3d_fuzziness_003_2000_samples,3,oc1,2,0.8055,0.8812709030100334,0.6236686390532544,0.7304227304227303,0.6622073578595318,0.563803532243843,3,4,3,3.0,,0.0,0.0
radial_segment_3d,0.003,2000,8,radial_segment_3d_fuzziness_003_2000_samples,3,oc1,3,0.8405,0.8795986622073578,0.6804657179818887,0.7673231218088986,0.7429526994744389,0.4975495714147682,6,7,3,3.0,,0.0,0.0
radial_segment_3d,0.003,2000,8,radial_segment_3d_fuzziness_003_2000_samples,3,oc1,4,0.8675,0.8979933110367893,0.7246963562753036,0.8020911127707243,0.8227424749163879,0.5932779553264378,10,11,3,3.0,,0.0,0.0
radial_segment_3d,0.003,2000,8,radial_segment_3d_fuzziness_003_2000_samples,3,oc1,5,0.8745,0.9347826086956522,0.7250324254215305,0.8166544923301681,0.8311916916035913,0.5980368294706824,18,19,3,3.0,,0.0,0.0
radial_segment_3d,0.003,2000,8,radial_segment_3d_fuzziness_003_2000_samples,3,oc1,6,0.8895,0.7123745819397993,0.8968421052631579,0.7940354147250698,0.8298676748582232,0.6377889674385249,22,23,3,3.0,,0.0,0.0
radial_segment_3d,0.003,2000,8,radial_segment_3d_fuzziness_003_2000_samples,3,oc1,7,0.9405,0.9297658862876256,0.8783570300157978,0.9033306255077173,0.8627749062531671,0.655082509366689,32,33,3,3.0,,0.0,0.0
radial_segment_3d,0.003,2000,8,radial_segment_3d_fuzziness_003_2000_samples,3,oc1,8,0.955,0.9264214046822744,0.9233333333333332,0.9248747913188649,0.8658225832138877,0.6203453080597727,41,42,3,3.0,,0.0,0.0
radial_segment_3d,0.003,2000,8,radial_segment_3d_fuzziness_003_2000_samples,3,oc1,9,0.969,0.939799331103679,0.95578231292517,0.9477234401349074,0.8951048951048952,0.5960410932588291,54,55,3,3.0,,0.0,0.0
radial_segment_3d,0.003,2000,8,radial_segment_3d_fuzziness_003_2000_samples,3,oc1,10,0.972,0.9364548494983278,0.9688581314878892,0.9523809523809524,0.90079927441755,0.6218200751611795,58,59,3,3.0,,0.0,0.0
radial_segment_3d,0.003,2000,8,radial_segment_3d_fuzziness_003_2000_samples,3,oc1,11,0.9675,0.9264214046822744,0.9634782608695652,0.9445865302642796,0.9006630288094819,0.5566220377288196,56,57,3,3.0,,0.0,0.0
radial_segment_3d,0.003,2000,8,radial_segment_3d_fuzziness_003_2000_samples,3,oc1,12,0.968,0.9247491638795988,0.9667832167832168,0.9452991452991452,0.9053570380801506,0.6177610154917141,56,57,3,3.0,,0.0,0.0
radial_segment_3d,0.003,2000,11,radial_segment_3d_fuzziness_003_2000_samples,3,oc1,0,0.701,0.0,,,0.0,0.0,0,1,0,0.0,,0.0,0.0
radial_segment_3d,0.003,2000,11,radial_segment_3d_fuzziness_003_2000_samples,3,oc1,1,0.701,0.0,,,0.4381270903010035,0.3682702327196943,1,2,3,0.0,,0.0,0.0
radial_segment_3d,0.003,2000,11,radial_segment_3d_fuzziness_003_2000_samples,3,oc1,2,0.7975,0.9013377926421404,0.6090395480225989,0.7269049224544842,0.6722408026755853,0.56828824972545,3,4,3,3.0,,0.0,0.0
radial_segment_3d,0.003,2000,11,radial_segment_3d_fuzziness_003_2000_samples,3,oc1,3,0.8355,0.8678929765886287,0.6749024707412223,0.7593269934162399,0.7196209587513933,0.4971425166397425,5,6,3,3.0,,0.0,0.0
radial_segment_3d,0.003,2000,11,radial_segment_3d_fuzziness_003_2000_samples,3,oc1,4,0.859,0.8913043478260869,0.7106666666666667,0.7908011869436202,0.8266443701226311,0.5996757148462697,11,12,3,3.0,,0.0,0.0
radial_segment_3d,0.003,2000,11,radial_segment_3d_fuzziness_003_2000_samples,3,oc1,5,0.8655,0.9414715719063546,0.7063989962358845,0.8071684587813619,0.8005852842809364,0.6019376475686427,15,16,3,3.0,,0.0,0.0
radial_segment_3d,0.003,2000,11,radial_segment_3d_fuzziness_003_2000_samples,3,oc1,6,0.914,0.8612040133779264,0.8526490066225165,0.8569051580698835,0.8408330799635146,0.6283754825001222,21,22,3,3.0,,0.0,0.0
radial_segment_3d,0.003,2000,11,radial_segment_3d_fuzziness_003_2000_samples,3,oc1,7,0.9285,0.911371237458194,0.8582677165354331,0.884022708840227,0.8700606961476529,0.6466579712907432,26,27,3,3.0,,0.0,0.0
radial_segment_3d,0.003,2000,11,radial_segment_3d_fuzziness_003_2000_samples,3,oc1,8,0.945,0.8979933110367893,0.9163822525597268,0.9070945945945944,0.8683110367892979,0.6323306103698476,31,32,3,3.0,,0.0,0.0
radial_segment_3d,0.003,2000,11,radial_segment_3d_fuzziness_003_2000_samples,3,oc1,9,0.9485,0.9147157190635452,0.9131886477462438,0.9139515455304928,0.8700052807604297,0.6130647553290474,37,38,3,3.0,,0.0,0.0
radial_segment_3d,0.003,2000,11,radial_segment_3d_fuzziness_003_2000_samples,3,oc1,10,0.963,0.931438127090301,0.9440677966101696,0.9377104377104376,0.8902543361592905,0.6272783892132592,42,43,3,3.0,,0.0,0.0
radial_segment_3d,0.003,2000,11,radial_segment_3d_fuzziness_003_2000_samples,3,oc1,11,0.966,0.9364548494983278,0.9491525423728814,0.9427609427609428,0.8974596171635949,0.6238209269766228,46,47,3,3.0,,0.0,0.0
radial_segment_3d,0.003,2000,11,radial_segment_3d_fuzziness_003_2000_samples,3,oc1,12,0.968,0.9347826086956522,0.9571917808219178,0.94585448392555,0.9002675585284279,0.6186991106260209,49,50,3,3.0,,0.0,0.0
radial_segment_3d,0.003,3000,1,radial_segment_3d_fuzziness_003_3000_samples,3,hhcart_d,0,0.694,0.0,,,0.0,0.0,0,1,0,0.0,0.0,,
radial_segment_3d,0.003,3000,1,radial_segment_3d_fuzziness_003_3000_samples,3,hhcart_d,1,0.694,0.0,,,0.485838779956427,0.4511785590689445,1,2,3,0.0,0.0,,
radial_segment_3d,0.003,3000,1,radial_segment_3d_fuzziness_003_3000_samples,3,hhcart_d,2,0.7463333333333333,0.8344226579520697,0.5570909090909091,0.6681203663323158,0.6574074074074074,0.5128237223861467,3,4,3,3.0,0.0,,
radial_segment_3d,0.003,3000,1,radial_segment_3d_fuzziness_003_3000_samples,3,hhcart_d,3,0.804,0.900871459694989,0.6246223564954683,0.7377341659232827,0.7769607843137254,0.505541496454128,7,8,3,3.0,0.0,,
radial_segment_3d,0.003,3000,1,radial_segment_3d_fuzziness_003_3000_samples,3,hhcart_d,4,0.8446666666666667,0.8986928104575164,0.6886477462437396,0.779773156899811,0.85239651416122,0.5234844127245519,15,16,3,3.0,0.0,,
radial_segment_3d,0.003,3000,1,radial_segment_3d_fuzziness_003_3000_samples,3,hhcart_d,5,0.862,0.8899782135076253,0.7230088495575221,0.7978515625000001,0.90248666516415,0.5895834042098864,28,29,3,3.0,0.0,,
radial_segment_3d,0.003,3000,1,radial_segment_3d_fuzziness_003_3000_samples,3,hhcart_d,6,0.872,0.9531590413943356,0.7195723684210527,0.8200562324273665,0.9022720199190788,0.5688334787963998,41,42,3,3.0,0.0,,
radial_segment_3d,0.003,3000,1,radial_segment_3d_fuzziness_003_3000_samples,3,hhcart_d,7,0.9043333333333332,0.8496732026143791,0.8396124865446717,0.8446128857606932,0.903789293495176,0.5785841370643259,55,56,3,3.0,0.0,,
radial_segment_3d,0.003,3000,1,radial_segment_3d_fuzziness_003_3000_samples,3,hhcart_d,8,0.922,0.9400871459694988,0.8282149712092131,0.8806122448979593,0.8898708153057779,0.5692208047718819,70,71,3,3.0,0.0,,
radial_segment_3d,0.003,3000,1,radial_segment_3d_fuzziness_003_3000_samples,3,hhcart_d,9,0.934,0.9368191721132898,0.86,0.8967674661105318,0.8725743527385115,0.5463970693790401,85,86,3,3.0,0.0,,
radial_segment_3d,0.003,3000,1,radial_segment_3d_fuzziness_003_3000_samples,3,hhcart_d,10,0.954,0.8954248366013072,0.9513888888888888,0.9225589225589226,0.8631154684095861,0.5346874061363442,99,100,3,3.0,0.0,,
radial_segment_3d,0.003,3000,1,radial_segment_3d_fuzziness_003_3000_samples,3,hhcart_d,11,0.9586666666666668,0.9357298474945532,0.9296536796536796,0.9326818675352876,0.8683254978404615,0.5460026929708659,113,114,3,3.0,0.0,,
radial_segment_3d,0.003,3000,1,radial_segment_3d_fuzziness_003_3000_samples,3,hhcart_d,12,0.9646666666666668,0.9444444444444444,0.940347071583514,0.942391304347826,0.8616644880174293,0.5353506074834851,124,125,3,3.0,0.0,,
radial_segment_3d,0.003,3000,1,radial_segment_3d_fuzziness_003_3000_samples,3,oc1,0,0.694,0.0,,,0.0,0.0,0,1,0,0.0,,0.0,0.0
radial_segment_3d,0.003,3000,1,radial_segment_3d_fuzziness_003_3000_samples,3,oc1,1,0.694,0.0,,,0.4520697167755991,0.3872090942707527,1,2,3,0.0,,0.0,0.0
radial_segment_3d,0.003,3000,1,radial_segment_3d_fuzziness_003_3000_samples,3,oc1,2,0.79,0.9041394335511984,0.6049562682215743,0.7248908296943232,0.6672113289760349,0.4958371551192675,3,4,3,3.0,,0.0,0.0
radial_segment_3d,0.003,3000,1,radial_segment_3d_fuzziness_003_3000_samples,3,oc1,3,0.8226666666666667,0.9183006535947712,0.6484615384615384,0.7601442741208295,0.7488328664799253,0.4941009492962547,6,7,3,3.0,,0.0,0.0
radial_segment_3d,0.003,3000,1,radial_segment_3d_fuzziness_003_3000_samples,3,oc1,4,0.8526666666666667,0.9237472766884532,0.6950819672131148,0.7932647333956969,0.8156070509011688,0.5625325050134229,10,11,3,3.0,,0.0,0.0
radial_segment_3d,0.003,3000,1,radial_segment_3d_fuzziness_003_3000_samples,3,oc1,5,0.859,0.9237472766884532,0.7060782681099084,0.8003775365738557,0.8001089324618738,0.5695773183692845,15,16,3,3.0,,0.0,0.0
radial_segment_3d,0.003,3000,1,radial_segment_3d_fuzziness_003_3000_samples,3,oc1,6,0.8963333333333333,0.920479302832244,0.7802400738688827,0.8445777111444279,0.8989651416122002,0.6135047317039819,23,24,3,3.0,,0.0,0.0
radial_segment_3d,0.003,3000,1,radial_segment_3d_fuzziness_003_3000_samples,3,oc1,7,0.906,0.9139433551198256,0.8051823416506718,0.8561224489795919,0.8593014266638554,0.5744053069200428,30,31,3,3.0,,0.0,0.0
radial_segment_3d,0.003,3000,1,radial_segment_3d_fuzziness_003_3000_samples,3,oc1,8,0.9473333333333334,0.8965141612200436,0.9288939051918736,0.9124168514412416,0.8524509803921569,0.5776873622566474,39,40,3,3.0,,0.0,0.0
radial_segment_3d,0.003,3000,1,radial_segment_3d_fuzziness_003_3000_samples,3,oc1,9,0.9526666666666668,0.8943355119825708,0.9480369515011547,0.9204035874439462,0.8610505930767369,0.5515485779860139,53,54,3,3.0,,0.0,0.0
radial_segment_3d,0.003,3000,1,radial_segment_3d_fuzziness_003_3000_samples,3,oc1,10,0.964,0.9183006535947712,0.9623287671232876,0.9397993311036787,0.8769221053961036,0.5579718240167888,68,69,3,3.0,,0.0,0.0
radial_segment_3d,0.003,3000,1,radial_segment_3d_fuzziness_003_3000_samples,3,oc1,11,0.9656666666666668,0.920479302832244,0.9657142857142856,0.9425543781372002,0.8846808129644552,0.5618909452308354,72,73,3,3.0,,0.0,0.0
radial_segment_3d,0.003,3000,1,radial_segment_3d_fuzziness_003_3000_samples,3,oc1,12,0.9663333333333334,0.9215686274509804,0.9668571428571427,0.9436698271054098,0.8938048153734428,0.5843080015797801,77,78,3,3.0,,0.0,0.0
radial_segment_3d,0.003,3000,8,radial_segment_3d_fuzziness_003_3000_samples,3,oc1,0,0.694,0.0,,,0.0,0.0,0,1,0,0.0,,0.0,0.0
radial_segment_3d,0.003,3000,8,radial_segment_3d_fuzziness_003_3000_samples,3,oc1,1,0.694,0.0,,,0.4531590413943354,0.392294895532769,1,2,3,0.0,,0.0,0.0
radial_segment_3d,0.003,3000,8,radial_segment_3d_fuzziness_003_3000_samples,3,oc1,2,0.8006666666666666,0.8921568627450981,0.6213960546282246,0.7325581395348837,0.5635439360929559,0.515373522622657,2,3,3,3.0,,0.0,0.0
radial_segment_3d,0.003,3000,8,radial_segment_3d_fuzziness_003_3000_samples,3,oc1,3,0.834,0.8986928104575164,0.6707317073170732,0.7681564245810056,0.681917211328976,0.4861046245041496,4,5,3,3.0,,0.0,0.0
radial_segment_3d,0.003,3000,8,radial_segment_3d_fuzziness_003_3000_samples,3,oc1,4,0.8583333333333333,0.8986928104575164,0.7130509939498704,0.7951807228915663,0.7761437908496733,0.5052861072036945,7,8,3,3.0,,0.0,0.0
radial_segment_3d,0.003,3000,8,radial_segment_3d_fuzziness_003_3000_samples,3,oc1,5,0.8653333333333333,0.9030501089324618,0.7246503496503497,0.8040737148399612,0.7936507936507937,0.5282237677640369,13,14,3,3.0,,0.0,0.0
radial_segment_3d,0.003,3000,8,radial_segment_3d_fuzziness_003_3000_samples,3,oc1,6,0.9066666666666666,0.8845315904139434,0.8235294117647058,0.8529411764705882,0.8417211328976033,0.5812572786575245,19,20,3,3.0,,0.0,0.0
radial_segment_3d,0.003,3000,8,radial_segment_3d_fuzziness_003_3000_samples,3,oc1,7,0.9196666666666666,0.8976034858387799,0.8486096807415036,0.8724192694547379,0.8742608154372862,0.5358774719960158,27,28,3,3.0,,0.0,0.0
radial_segment_3d,0.003,3000,8,radial_segment_3d_fuzziness_003_3000_samples,3,oc1,8,0.9326666666666666,0.9074074074074074,0.8768421052631579,0.89186295503212,0.886499402628435,0.5809325985800298,30,31,3,3.0,,0.0,0.0
radial_segment_3d,0.003,3000,8,radial_segment_3d_fuzziness_003_3000_samples,3,oc1,9,0.9413333333333334,0.8812636165577342,0.9235159817351598,0.9018952062430324,0.893748952572482,0.5973572766018402,38,39,3,3.0,,0.0,0.0
radial_segment_3d,0.003,3000,8,radial_segment_3d_fuzziness_003_3000_samples,3,oc1,10,0.944,0.9161220043572984,0.9023605150214592,0.9091891891891892,0.9009440813362384,0.6206883105154029,44,45,3,3.0,,0.0,0.0
radial_segment_3d,0.003,3000,8,radial_segment_3d_fuzziness_003_3000_samples,3,oc1,11,0.947,0.9139433551198256,0.912948857453754,0.9134458356015244,0.8888050946874475,0.6000314642428155,51,52,3,3.0,,0.0,0.0
radial_segment_3d,0.003,3000,8,radial_segment_3d_fuzziness_003_3000_samples,3,oc1,12,0.9566666666666668,0.9030501089324618,0.9528735632183908,0.9272930648769576,0.9013556039699828,0.6173405968035874,53,54,3,3.0,,0.0,0.0
radial_segment_3d,0.003,3000,11,radial_segment_3d_fuzziness_003_3000_samples,3,oc1,0,0.694,0.0,,,0.0,0.0,0,1,0,0.0,,0.0,0.0
radial_segment_3d,0.003,3000,11,radial_segment_3d_fuzziness_003_3000_samples,3,oc1,1,0.694,0.0,,,0.4771241830065358,0.4352386768783838,1,2,3,0.0,,0.0,0.0
radial_segment_3d,0.003,3000,11,radial_segment_3d_fuzziness_003_3000_samples,3,oc1,2,0.7776666666666666,0.9248366013071896,0.5867311679336559,0.717970401691332,0.6013071895424837,0.5522781102094316,2,3,3,3.0,,0.0,0.0
radial_segment_3d,0.003,3000,11,radial_segment_3d_fuzziness_003_3000_samples,3,oc1,3,0.811,0.906318082788671,0.6336633663366337,0.7458538771851189,0.7128540305010891,0.512146446978522,4,5,3,3.0,,0.0,0.0
radial_segment_3d,0.003,3000,11,radial_segment_3d_fuzziness_003_3000_samples,3,oc1,4,0.8456666666666667,0.869281045751634,0.6993865030674846,0.7751335599805731,0.7807734204793029,0.522333646215901,7,8,3,3.0,,0.0,0.0
radial_segment_3d,0.003,3000,11,radial_segment_3d_fuzziness_003_3000_samples,3,oc1,5,0.8723333333333333,0.8867102396514162,0.7447392497712717,0.8095474888115366,0.8184458968772697,0.5818291257451675,11,12,3,3.0,,0.0,0.0
radial_segment_3d,0.003,3000,11,radial_segment_3d_fuzziness_003_3000_samples,3,oc1,6,0.8766666666666667,0.8997821350762527,0.7481884057971014,0.8170128585558853,0.7944380366525694,0.5416188798283139,16,17,3,3.0,,0.0,0.0
radial_segment_3d,0.003,3000,11,radial_segment_3d_fuzziness_003_3000_samples,3,oc1,7,0.915,0.8769063180827886,0.8500527983104541,0.8632707774798928,0.8231663035584602,0.5165412968686043,23,24,3,3.0,,0.0,0.0
radial_segment_3d,0.003,3000,11,radial_segment_3d_fuzziness_003_3000_samples,3,oc1,8,0.9423333333333334,0.9019607843137256,0.9088913282107574,0.9054127938764353,0.8472524812394093,0.5339545776099468,35,36,3,3.0,,0.0,0.0
radial_segment_3d,0.003,3000,11,radial_segment_3d_fuzziness_003_3000_samples,3,oc1,9,0.946,0.8965141612200436,0.9247191011235956,0.9103982300884956,0.8554064900814129,0.535815664105098,37,38,3,3.0,,0.0,0.0
radial_segment_3d,0.003,3000,11,radial_segment_3d_fuzziness_003_3000_samples,3,oc1,10,0.953,0.9183006535947712,0.9273927392739274,0.922824302134647,0.8619570759745983,0.5005429457510586,46,47,3,3.0,,0.0,0.0
radial_segment_3d,0.003,3000,11,radial_segment_3d_fuzziness_003_3000_samples,3,oc1,11,0.9533333333333334,0.9237472766884532,0.9237472766884532,0.9237472766884532,0.8728857199445437,0.5496256419912005,54,55,3,3.0,,0.0,0.0
radial_segment_3d,0.003,3000,11,radial_segment_3d_fuzziness_003_3000_samples,3,oc1,12,0.959,0.8976034858387799,0.9660023446658852,0.9305477131564088,0.8880509468744764,0.5354800265183737,64,65,3,3.0,,0.0,0.0
radial_segment_3d,0.003,5000,1,radial_segment_3d_fuzziness_003_5000_samples,3,hhcart_d,0,0.6912,0.0,,,0.0,0.0,0,1,0,0.0,0.0,,
radial_segment_3d,0.003,5000,1,radial_segment_3d_fuzziness_003_5000_samples,3,hhcart_d,1,0.6912,0.0,,,0.4715025906735752,0.4198267598718816,1,2,3,0.0,0.0,,
radial_segment_3d,0.003,5000,1,radial_segment_3d_fuzziness_003_5000_samples,3,hhcart_d,2,0.7672,0.822538860103627,0.5879629629629629,0.6857451403887688,0.6408678756476685,0.4732599738521312,3,4,3,3.0,0.0,,
radial_segment_3d,0.003,5000,1,radial_segment_3d_fuzziness_003_5000_samples,3,hhcart_d,3,0.813,0.932642487046632,0.6340819022457067,0.7549148099606814,0.7827072538860105,0.451883791855397,7,8,3,3.0,0.0,,
radial_segment_3d,0.003,5000,1,radial_segment_3d_fuzziness_003_5000_samples,3,hhcart_d,4,0.8536,0.9281088082901554,0.6976630963972736,0.7965536409116175,0.8671470207253886,0.5786848326497653,15,16,3,3.0,0.0,,
radial_segment_3d,0.003,5000,1,radial_segment_3d_fuzziness_003_5000_samples,3,hhcart_d,5,0.8598,0.9242227979274612,0.7095972153157633,0.8028129395218002,0.8605833813087698,0.5442211724049573,26,27,3,3.0,0.0,,
radial_segment_3d,0.003,5000,1,radial_segment_3d_fuzziness_003_5000_samples,3,hhcart_d,6,0.8986,0.8788860103626943,0.8091830649970185,0.8425954672461968,0.887865049458314,0.5816993458499964,43,44,3,3.0,0.0,,
radial_segment_3d,0.003,5000,1,radial_segment_3d_fuzziness_003_5000_samples,3,hhcart_d,7,0.9128,0.9112694300518136,0.824736225087925,0.8658461538461539,0.8991351722035963,0.542327258084724,67,68,3,3.0,0.0,,
radial_segment_3d,0.003,5000,1,radial_segment_3d_fuzziness_003_5000_samples,3,hhcart_d,8,0.9262,0.925518134715026,0.8490790255496138,0.885652308645801,0.8958003817834741,0.5457880591200532,94,95,3,3.0,0.0,,
radial_segment_3d,0.003,5000,1,radial_segment_3d_fuzziness_003_5000_samples,3,hhcart_d,9,0.944,0.8860103626943006,0.9293478260869564,0.907161803713528,0.8947016546882836,0.5287683432716517,123,124,3,3.0,0.0,,
radial_segment_3d,0.003,5000,1,radial_segment_3d_fuzziness_003_5000_samples,3,hhcart_d,10,0.9584,0.9404145077720208,0.9260204081632653,0.9331619537275064,0.894997870679253,0.5274194986404699,145,146,3,3.0,0.0,,
radial_segment_3d,0.003,5000,1,radial_segment_3d_fuzziness_003_5000_samples,3,hhcart_d,11,0.965,0.9514248704663212,0.9362651370299554,0.9437841310632832,0.8933712885110607,0.5371313180619102,166,167,3,3.0,0.0,,
radial_segment_3d,0.003,5000,1,radial_segment_3d_fuzziness_003_5000_samples,3,hhcart_d,12,0.9708,0.9572538860103628,0.9486521181001284,0.9529335912314636,0.8937892735089847,0.541963905694339,187,188,3,3.0,0.0,,
radial_segment_3d,0.003,5000,1,radial_segment_3d_fuzziness_003_5000_samples,3,oc1,0,0.6912,0.0,,,0.0,0.0,0,1,0,0.0,,0.0,0.0
radial_segment_3d,0.003,5000,1,radial_segment_3d_fuzziness_003_5000_samples,3,oc1,1,0.6912,0.0,,,0.4501295336787565,0.3832369427885045,1,2,3,0.0,,0.0,0.0
radial_segment_3d,0.003,5000,1,radial_segment_3d_fuzziness_003_5000_samples,3,oc1,2,0.7916,0.9047927461139896,0.6095113438045375,0.7283628779979145,0.6742227979274611,0.5611081463935415,3,4,3,3.0,,0.0,0.0
radial_segment_3d,0.003,5000,1,radial_segment_3d_fuzziness_003_5000_samples,3,oc1,3,0.8174,0.8905440414507773,0.6488909863142992,0.7507507507507507,0.7640636565507033,0.5102295621592576,6,7,3,3.0,,0.0,0.0
radial_segment_3d,0.003,5000,1,radial_segment_3d_fuzziness_003_5000_samples,3,oc1,4,0.8492,0.9047927461139896,0.6971057884231537,0.7874859075535513,0.8356001727115716,0.5155121454866485,11,12,3,3.0,,0.0,0.0
radial_segment_3d,0.003,5000,1,radial_segment_3d_fuzziness_003_5000_samples,3,oc1,5,0.87,0.9319948186528496,0.7253024193548387,0.8157596371882087,0.866034905917644,0.5671905658975067,18,19,3,3.0,,0.0,0.0
radial_segment_3d,0.003,5000,1,radial_segment_3d_fuzziness_003_5000_samples,3,oc1,6,0.8958,0.8782383419689119,0.8028419182948491,0.8388493659140119,0.8534503061705132,0.6170498015277586,21,22,3,3.0,,0.0,0.0
radial_segment_3d,0.003,5000,1,radial_segment_3d_fuzziness_003_5000_samples,3,oc1,7,0.908,0.8575129533678757,0.8465473145780051,0.8519948519948521,0.8795706883789787,0.5527803724247953,34,35,3,3.0,,0.0,0.0
radial_segment_3d,0.003,5000,1,radial_segment_3d_fuzziness_003_5000_samples,3,oc1,8,0.9308,0.897020725388601,0.8810432569974554,0.8889602053915276,0.8920447365095414,0.5906851399484163,40,41,3,3.0,,0.0,0.0
radial_segment_3d,0.003,5000,1,radial_segment_3d_fuzziness_003_5000_samples,3,oc1,9,0.9404,0.8801813471502591,0.923233695652174,0.9011936339522548,0.8960852043753595,0.5601080326050036,53,54,3,3.0,,0.0,0.0
radial_segment_3d,0.003,5000,1,radial_segment_3d_fuzziness_003_5000_samples,3,oc1,10,0.9552,0.9060880829015544,0.946549391069012,0.9258769027134348,0.8925561312607946,0.5326986017185731,74,75,3,3.0,,0.0,0.0
radial_segment_3d,0.003,5000,1,radial_segment_3d_fuzziness_003_5000_samples,3,oc1,11,0.9678,0.9397668393782384,0.95523370638578,0.9474371531178584,0.9002931551677122,0.5802793612647228,113,114,3,3.0,,0.0,0.0
radial_segment_3d,0.003,5000,1,radial_segment_3d_fuzziness_003_5000_samples,3,oc1,12,0.9642,0.9339378238341968,0.9493087557603688,0.9415605615409728,0.9257479525321743,0.5690238373948637,92,93,3,3.0,,0.0,0.0
radial_segment_3d,0.003,5000,8,radial_segment_3d_fuzziness_003_5000_samples,3,oc1,0,0.6912,0.0,,,0.0,0.0,0,1,0,0.0,,0.0,0.0
radial_segment_3d,0.003,5000,8,radial_segment_3d_fuzziness_003_5000_samples,3,oc1,1,0.6912,0.0,,,0.4481865284974093,0.3815956929350543,1,2,3,0.0,,0.0,0.0
radial_segment_3d,0.003,5000,8,radial_segment_3d_fuzziness_003_5000_samples,3,oc1,2,0.8014,0.8924870466321243,0.6249433106575963,0.7351293678314217,0.6664507772020725,0.5560019211340739,3,4,3,3.0,,0.0,0.0
radial_segment_3d,0.003,5000,8,radial_segment_3d_fuzziness_003_5000_samples,3,oc1,3,0.8322,0.8620466321243523,0.6801226366888095,0.7603541845187088,0.7466691339748335,0.4957023974912955,6,7,3,3.0,,0.0,0.0
radial_segment_3d,0.003,5000,8,radial_segment_3d_fuzziness_003_5000_samples,3,oc1,4,0.8542,0.8873056994818653,0.7116883116883117,0.7898529835687518,0.809938765897315,0.5657489244893452,10,11,3,3.0,,0.0,0.0
radial_segment_3d,0.003,5000,8,radial_segment_3d_fuzziness_003_5000_samples,3,oc1,5,0.865,0.925518134715026,0.7184514831573655,0.8089442400226436,0.8099664736360865,0.5417820088565979,16,17,3,3.0,,0.0,0.0
radial_segment_3d,0.003,5000,8,radial_segment_3d_fuzziness_003_5000_samples,3,oc1,6,0.905,0.8620466321243523,0.8355304456999372,0.8485814472425883,0.8646373056994818,0.5386268887382106,27,28,3,3.0,,0.0,0.0
radial_segment_3d,0.003,5000,8,radial_segment_3d_fuzziness_003_5000_samples,3,oc1,7,0.9194,0.913860103626943,0.8393813206424747,0.8750387596899224,0.8905764248704664,0.5657501069714641,39,40,3,3.0,,0.0,0.0
radial_segment_3d,0.003,5000,8,radial_segment_3d_fuzziness_003_5000_samples,3,oc1,8,0.9366,0.9073834196891192,0.8895238095238095,0.8983648605322219,0.8936384571099596,0.5336737580934727,53,54,3,3.0,,0.0,0.0
radial_segment_3d,0.003,5000,8,radial_segment_3d_fuzziness_003_5000_samples,3,oc1,9,0.9416,0.8898963730569949,0.9184491978609626,0.9039473684210526,0.8920098172893374,0.5210035875648991,56,57,3,3.0,,0.0,0.0
radial_segment_3d,0.003,5000,8,radial_segment_3d_fuzziness_003_5000_samples,3,oc1,10,0.948,0.8976683937823834,0.9314516129032258,0.9142480211081796,0.9066817789291884,0.5544105193307725,71,72,3,3.0,,0.0,0.0
radial_segment_3d,0.003,5000,8,radial_segment_3d_fuzziness_003_5000_samples,3,oc1,11,0.9572,0.9151554404145078,0.94451871657754,0.9296052631578948,0.9162928093011502,0.5483945643037389,81,82,3,3.0,,0.0,0.0
radial_segment_3d,0.003,5000,8,radial_segment_3d_fuzziness_003_5000_samples,3,oc1,12,0.9602,0.9268134715025906,0.943309162821358,0.9349885658281608,0.9153857225100752,0.5842271351074146,89,90,3,3.0,,0.0,0.0
radial_segment_3d,0.003,5000,11,radial_segment_3d_fuzziness_003_5000_samples,3,oc1,0,0.6912,0.0,,,0.0,0.0,0,1,0,0.0,,0.0,0.0
radial_segment_3d,0.003,5000,11,radial_segment_3d_fuzziness_003_5000_samples,3,oc1,1,0.6912,0.0,,,0.4760362694300519,0.4324081093639189,1,2,3,0.0,,0.0,0.0
radial_segment_3d,0.003,5000,11,radial_segment_3d_fuzziness_003_5000_samples,3,oc1,2,0.7798,0.9287564766839378,0.591340206185567,0.7226001511715797,0.6031951640759932,0.5540728660567149,2,3,3,3.0,,0.0,0.0
radial_segment_3d,0.003,5000,11,radial_segment_3d_fuzziness_003_5000_samples,3,oc1,3,0.8136,0.6534974093264249,0.7176386913229018,0.6840677966101695,0.6082901554404145,0.4526754159596606,4,5,3,3.0,,0.0,0.0
radial_segment_3d,0.003,5000,11,radial_segment_3d_fuzziness_003_5000_samples,3,oc1,4,0.8548,0.7765544041450777,0.7588607594936709,0.7676056338028169,0.6683937823834198,0.4583152671311612,7,8,3,3.0,,0.0,0.0
radial_segment_3d,0.003,5000,11,radial_segment_3d_fuzziness_003_5000_samples,3,oc1,5,0.8938,0.8873056994818653,0.7932831499710481,0.8376643228370528,0.7926535899333829,0.5579571654088165,13,14,3,3.0,,0.0,0.0
radial_segment_3d,0.003,5000,11,radial_segment_3d_fuzziness_003_5000_samples,3,oc1,6,0.9154,0.8465025906735751,0.8754186202277294,0.8607178136318736,0.7773100172711571,0.5336859337722475,23,24,3,3.0,,0.0,0.0
radial_segment_3d,0.003,5000,11,radial_segment_3d_fuzziness_003_5000_samples,3,oc1,7,0.927,0.8264248704663213,0.9293517844136926,0.8748714432636271,0.8575129533678756,0.6165682396160002,39,40,3,3.0,,0.0,0.0
radial_segment_3d,0.003,5000,11,radial_segment_3d_fuzziness_003_5000_samples,3,oc1,8,0.9532,0.9002590673575129,0.9455782312925172,0.9223623092236232,0.8839333571556189,0.5761918802430106,57,58,3,3.0,,0.0,0.0
radial_segment_3d,0.003,5000,11,radial_segment_3d_fuzziness_003_5000_samples,3,oc1,9,0.962,0.919041450777202,0.956199460916442,0.9372523117569352,0.9028497409326428,0.5738496448532864,79,80,3,3.0,,0.0,0.0
radial_segment_3d,0.003,5000,11,radial_segment_3d_fuzziness_003_5000_samples,3,oc1,10,0.964,0.9203367875647668,0.9614343707713126,0.9404367968232958,0.9113800075824594,0.606057283395979,81,82,3,3.0,,0.0,0.0
radial_segment_3d,0.003,5000,11,radial_segment_3d_fuzziness_003_5000_samples,3,oc1,11,0.9654,0.9216321243523315,0.9647457627118644,0.9426962570387546,0.9069095159863516,0.5695476240864272,81,82,3,3.0,,0.0,0.0
radial_segment_3d,0.003,5000,11,radial_segment_3d_fuzziness_003_5000_samples,3,oc1,12,0.9682,0.9300518134715026,0.9657027572293208,0.9475420653249752,0.9259645857437496,0.5718426259251954,102,103,3,3.0,,0.0,0.0
radial_segment_3d,0.003,7500,1,radial_segment_3d_fuzziness_003_7500_samples,3,hhcart_d,0,0.692,0.0,,,0.0,0.0,0,1,0,0.0,0.0,,
radial_segment_3d,0.003,7500,1,radial_segment_3d_fuzziness_003_7500_samples,3,hhcart_d,1,0.692,0.0,,,0.4852813852813853,0.4521649803674765,1,2,3,0.0,0.0,,
radial_segment_3d,0.003,7500,1,radial_segment_3d_fuzziness_003_7500_samples,3,hhcart_d,2,0.7346666666666667,0.8722943722943723,0.5431266846361186,0.669435215946844,0.6755411255411257,0.5276428332777343,3,4,3,3.0,0.0,,
radial_segment_3d,0.003,7500,1,radial_segment_3d_fuzziness_003_7500_samples,3,hhcart_d,3,0.788,0.9212121212121211,0.6018099547511312,0.7280191583989053,0.7969696969696969,0.5417917330914954,7,8,3,3.0,0.0,,
radial_segment_3d,0.003,7500,1,radial_segment_3d_fuzziness_003_7500_samples,3,hhcart_d,4,0.8253333333333334,0.9329004329004328,0.6510574018126888,0.7669039145907474,0.8665512265512265,0.5551699687013527,14,15,3,3.0,0.0,,
radial_segment_3d,0.003,7500,1,radial_segment_3d_fuzziness_003_7500_samples,3,hhcart_d,5,0.8466666666666667,0.9264069264069263,0.6858974358974359,0.7882136279926334,0.9106301106301103,0.6057123944823051,26,27,3,3.0,0.0,,
radial_segment_3d,0.003,7500,1,radial_segment_3d_fuzziness_003_7500_samples,3,hhcart_d,6,0.8517333333333333,0.9515151515151516,0.6873045653533458,0.7981118373275237,0.916190476190476,0.6021206672557253,49,50,3,3.0,0.0,,
radial_segment_3d,0.003,7500,1,radial_segment_3d_fuzziness_003_7500_samples,3,hhcart_d,7,0.9037333333333334,0.8722943722943723,0.8251433251433251,0.8480639730639731,0.929453668694175,0.5818350189956163,78,79,3,3.0,0.0,,
radial_segment_3d,0.003,7500,1,radial_segment_3d_fuzziness_003_7500_samples,3,hhcart_d,8,0.9156,0.8350649350649351,0.8844566712517193,0.8590514362057446,0.9262435677530017,0.5624264789258566,105,106,3,3.0,0.0,,
radial_segment_3d,0.003,7500,1,radial_segment_3d_fuzziness_003_7500_samples,3,hhcart_d,9,0.9361333333333334,0.9116883116883115,0.884502309953801,0.8978895757834151,0.9252396985730318,0.5655449435446935,134,135,3,3.0,0.0,,
radial_segment_3d,0.003,7500,1,radial_segment_3d_fuzziness_003_7500_samples,3,hhcart_d,10,0.9481333333333334,0.919047619047619,0.9131182795698924,0.9160733549083064,0.9218000106888996,0.5629898302459841,161,162,3,3.0,0.0,,
radial_segment_3d,0.003,7500,1,radial_segment_3d_fuzziness_003_7500_samples,3,hhcart_d,11,0.9552,0.932034632034632,0.9232418524871356,0.927617406290392,0.9152457214633384,0.5502934116785907,192,193,3,3.0,0.0,,
radial_segment_3d,0.003,7500,1,radial_segment_3d_fuzziness_003_7500_samples,3,hhcart_d,12,0.9610666666666666,0.945021645021645,0.9297274275979556,0.9373121511378274,0.9096474953617808,0.5487883909265705,223,224,3,3.0,0.0,,
radial_segment_3d,0.003,7500,1,radial_segment_3d_fuzziness_003_7500_samples,3,oc1,0,0.692,0.0,,,0.0,0.0,0,1,0,0.0,,0.0,0.0
radial_segment_3d,0.003,7500,1,radial_segment_3d_fuzziness_003_7500_samples,3,oc1,1,0.692,0.0,,,0.4515151515151516,0.3867526953270437,1,2,3,0.0,,0.0,0.0
radial_segment_3d,0.003,7500,1,radial_segment_3d_fuzziness_003_7500_samples,3,oc1,2,0.7924,0.9056277056277056,0.6097347712037307,0.7287928932241771,0.6761904761904762,0.5708731099275606,3,4,3,3.0,,0.0,0.0
radial_segment_3d,0.003,7500,1,radial_segment_3d_fuzziness_003_7500_samples,3,oc1,3,0.7937333333333333,0.906060606060606,0.6114519427402862,0.7301587301587301,0.6648113790970935,0.436695413695251,6,7,3,3.0,,0.0,0.0
radial_segment_3d,0.003,7500,1,radial_segment_3d_fuzziness_003_7500_samples,3,oc1,4,0.8473333333333334,0.8974025974025974,0.6954042267695404,0.7835947835947836,0.824747474747475,0.5195524788778376,11,12,3,3.0,,0.0,0.0
radial_segment_3d,0.003,7500,1,radial_segment_3d_fuzziness_003_7500_samples,3,oc1,5,0.8325333333333333,0.9077922077922078,0.6678343949044586,0.7695412844036698,0.8283405483405484,0.6018569790567199,14,15,3,3.0,,0.0,0.0
radial_segment_3d,0.003,7500,1,radial_segment_3d_fuzziness_003_7500_samples,3,oc1,6,0.8910666666666667,0.906060606060606,0.7772001485332343,0.8366979812112731,0.8561945990517417,0.5729901983862669,20,21,3,3.0,,0.0,0.0
radial_segment_3d,0.003,7500,1,radial_segment_3d_fuzziness_003_7500_samples,3,oc1,7,0.8754666666666666,0.7008658008658009,0.8694951664876477,0.7761265580057527,0.8655303030303028,0.5590376035732934,31,32,3,3.0,,0.0,0.0
radial_segment_3d,0.003,7500,1,radial_segment_3d_fuzziness_003_7500_samples,3,oc1,8,0.9417333333333332,0.9095238095238096,0.9021039072563332,0.9057986635050658,0.8981375213933351,0.5888382848559457,85,86,3,3.0,,0.0,0.0
radial_segment_3d,0.003,7500,1,radial_segment_3d_fuzziness_003_7500_samples,3,oc1,9,0.9397333333333332,0.8844155844155844,0.9169658886894076,0.9003966505068312,0.8907387694272939,0.5158299644094684,60,61,3,3.0,,0.0,0.0
radial_segment_3d,0.003,7500,1,radial_segment_3d_fuzziness_003_7500_samples,3,oc1,10,0.9436,0.9303030303030304,0.8913313977602655,0.9104003389112476,0.9044963924963924,0.5775357764430722,74,75,3,3.0,,0.0,0.0
radial_segment_3d,0.003,7500,1,radial_segment_3d_fuzziness_003_7500_samples,3,oc1,11,0.9637333333333332,0.9281385281385282,0.9528888888888888,0.9403508771929824,0.9147830892511744,0.5763640317069387,140,141,3,3.0,,0.0,0.0
radial_segment_3d,0.003,7500,1,radial_segment_3d_fuzziness_003_7500_samples,3,oc1,12,0.9652,0.9411255411255413,0.9456285341452806,0.9433716641353872,0.9208321654364824,0.5875094084872903,138,139,3,3.0,,0.0,0.0
radial_segment_3d,0.003,7500,8,radial_segment_3d_fuzziness_003_7500_samples,3,oc1,0,0.692,0.0,,,0.0,0.0,0,1,0,0.0,,0.0,0.0
radial_segment_3d,0.003,7500,8,radial_segment_3d_fuzziness_003_7500_samples,3,oc1,1,0.692,0.0,,,0.4757575757575756,0.4315901267120776,1,2,3,0.0,,0.0,0.0
radial_segment_3d,0.003,7500,8,radial_segment_3d_fuzziness_003_7500_samples,3,oc1,2,0.7814666666666666,0.9186147186147188,0.5938986845787854,0.7214006459289477,0.5962481962481965,0.5465238726620716,2,3,3,3.0,,0.0,0.0
radial_segment_3d,0.003,7500,8,radial_segment_3d_fuzziness_003_7500_samples,3,oc1,3,0.8141333333333334,0.9,0.6412708204811844,0.7489193083573487,0.7082251082251083,0.5181520866770926,4,5,3,3.0,,0.0,0.0
radial_segment_3d,0.003,7500,8,radial_segment_3d_fuzziness_003_7500_samples,3,oc1,4,0.8385333333333334,0.8978354978354979,0.6802230239422762,0.7740250046650494,0.7755411255411255,0.4883842187313263,7,8,3,3.0,,0.0,0.0
radial_segment_3d,0.003,7500,8,radial_segment_3d_fuzziness_003_7500_samples,3,oc1,5,0.8585333333333334,0.9008658008658008,0.7143837967730862,0.7968600421213862,0.854945054945055,0.5511796543654275,12,13,3,3.0,,0.0,0.0
radial_segment_3d,0.003,7500,8,radial_segment_3d_fuzziness_003_7500_samples,3,oc1,6,0.8608,0.9125541125541126,0.7145762711864406,0.8015209125475284,0.8617866981503346,0.5853908173604465,21,22,3,3.0,,0.0,0.0
radial_segment_3d,0.003,7500,8,radial_segment_3d_fuzziness_003_7500_samples,3,oc1,7,0.8817333333333334,0.7103896103896103,0.8827326519634212,0.7872391460781963,0.8469766792347435,0.5762374564316106,30,31,3,3.0,,0.0,0.0
radial_segment_3d,0.003,7500,8,radial_segment_3d_fuzziness_003_7500_samples,3,oc1,8,0.9257333333333332,0.8805194805194805,0.8786177105831533,0.8795675675675676,0.8668934240362816,0.5407834544182937,41,42,3,3.0,,0.0,0.0
radial_segment_3d,0.003,7500,8,radial_segment_3d_fuzziness_003_7500_samples,3,oc1,9,0.9385333333333332,0.8679653679653679,0.927811198519204,0.8968910758219637,0.8976767676767674,0.5623440230702086,59,60,3,3.0,,0.0,0.0
radial_segment_3d,0.003,7500,8,radial_segment_3d_fuzziness_003_7500_samples,3,oc1,10,0.9489333333333332,0.8926406926406927,0.9385525716886663,0.9150210783226091,0.91134817563389,0.5840183807688908,83,84,3,3.0,,0.0,0.0
radial_segment_3d,0.003,7500,8,radial_segment_3d_fuzziness_003_7500_samples,3,oc1,11,0.9538666666666666,0.9103896103896104,0.9380017841213204,0.9239894551845342,0.9172141583906293,0.5462100833299264,101,102,3,3.0,,0.0,0.0
radial_segment_3d,0.003,7500,8,radial_segment_3d_fuzziness_003_7500_samples,3,oc1,12,0.9590666666666666,0.9112554112554112,0.953783416402356,0.9320345361965904,0.9215386952229054,0.5396932485364954,113,114,3,3.0,,0.0,0.0
radial_segment_3d,0.003,7500,11,radial_segment_3d_fuzziness_003_7500_samples,3,oc1,0,0.692,0.0,,,0.0,0.0,0,1,0,0.0,,0.0,0.0
radial_segment_3d,0.003,7500,11,radial_segment_3d_fuzziness_003_7500_samples,3,oc1,1,0.692,0.0,,,0.4753246753246753,0.4311952948374922,1,2,3,0.0,,0.0,0.0
radial_segment_3d,0.003,7500,11,radial_segment_3d_fuzziness_003_7500_samples,3,oc1,2,0.7813333333333333,0.9268398268398268,0.5927464008859358,0.7230665315771698,0.6014430014430014,0.5525202938075289,2,3,3,3.0,,0.0,0.0
radial_segment_3d,0.003,7500,11,radial_segment_3d_fuzziness_003_7500_samples,3,oc1,3,0.8093333333333333,0.9233766233766234,0.6299468399291199,0.7489466292134831,0.7373160173160174,0.562179273716215,4,5,3,3.0,,0.0,0.0
radial_segment_3d,0.003,7500,11,radial_segment_3d_fuzziness_003_7500_samples,3,oc1,4,0.8321333333333333,0.812987012987013,0.6942698706099815,0.7489531405782651,0.7549783549783551,0.5173657454672445,6,7,3,3.0,,0.0,0.0
radial_segment_3d,0.003,7500,11,radial_segment_3d_fuzziness_003_7500_samples,3,oc1,5,0.8586666666666667,0.8441558441558441,0.7358490566037735,0.7862903225806451,0.7989767807949626,0.4856540753109852,10,11,3,3.0,,0.0,0.0
radial_segment_3d,0.003,7500,11,radial_segment_3d_fuzziness_003_7500_samples,3,oc1,6,0.8682666666666666,0.893073593073593,0.735734664764622,0.8068048494329292,0.7953342953342952,0.4830158065004102,17,18,3,3.0,,0.0,0.0
radial_segment_3d,0.003,7500,11,radial_segment_3d_fuzziness_003_7500_samples,3,oc1,7,0.9129333333333334,0.8913419913419913,0.8366517675741568,0.8631314189897296,0.8638069001705364,0.5447750442441837,32,33,3,3.0,,0.0,0.0
radial_segment_3d,0.003,7500,11,radial_segment_3d_fuzziness_003_7500_samples,3,oc1,8,0.9262666666666668,0.8987012987012987,0.8668058455114822,0.8824654622741764,0.8661664261664266,0.5287251189500048,44,45,3,3.0,,0.0,0.0
radial_segment_3d,0.003,7500,11,radial_segment_3d_fuzziness_003_7500_samples,3,oc1,9,0.9406666666666668,0.9069264069264068,0.9010752688172043,0.9039913700107876,0.895978417717548,0.5342555008157415,68,69,3,3.0,,0.0,0.0
radial_segment_3d,0.003,7500,11,radial_segment_3d_fuzziness_003_7500_samples,3,oc1,10,0.9484,0.9138528138528138,0.918225315354502,0.9160338468214364,0.9142032570604,0.5619652985943051,104,105,3,3.0,,0.0,0.0
radial_segment_3d,0.003,7500,11,radial_segment_3d_fuzziness_003_7500_samples,3,oc1,11,0.9524,0.9155844155844156,0.9288537549407114,0.92217135382603,0.9171459492888066,0.5418232141320418,111,112,3,3.0,,0.0,0.0
radial_segment_3d,0.003,7500,11,radial_segment_3d_fuzziness_003_7500_samples,3,oc1,12,0.9632,0.9194805194805196,0.959349593495935,0.9389920424403184,0.9142444856730572,0.5699989470585043,125,126,3,3.0,,0.0,0.0
